REV_deg_Rob0,REV_deg_Rob1,REV_deg_Rob2,REV_deg_Rob3
0.0,0.0,0.0,0.0
6.31968653,0.15690334,0.15329632999999998,0.15714021
