BTC_M_deg_Rob0,BTC_M_deg_Rob1,BTC_M_deg_Rob2,BTC_M_deg_Rob3
0.0,0.0,0.0,0.0
6.3210811300000005,0.15445309,0.15565479,0.169338
