DEG_deg_Rob0,DEG_deg_Rob1,DEG_deg_Rob2,DEG_deg_Rob3
0.0,0.0,0.0,0.0
6.32581451,0.17241593,0.16942159,0.17046301
