BTC_G_(%)gained_value,BTC_G_per_alloc_exec_time
80.14256619144604,0.03285336494445801
