DEG_gained_value,DEG_per_alloc_exec_time
71.5274949083503,0.014062345027923584
