BTC_M_(%)gained_value,BTC_M_per_alloc_exec_time
81.09979633401223,0.030187129974365234
