REV_gained_value,REV_per_alloc_exec_time
83.5234215885947,0.0027430057525634766
